{"Models": {"Model2": {"Intercept": -2.1582785615323687, "Iterations": 11, "Coefficients": [0.48618997634282946, -0.5566918587487713, -8.99945146374277, -8.729156078633252, 1.2851423135158788, 8.340144809871754]}, "Model1": {"Intercept": -2.1582785615323687, "Iterations": 11, "Coefficients": ["var1  0.486189976343", "var2  -0.556691858749", "var3  -8.99945146374", "var4  -8.72915607863", "var5  1.28514231352", "var6  8.34014480987"]}}}